[
  {
    "id": "3f8aab84-d949-4e85-a103-479b3f799d6c",
    "name": "Odessa",
    "date": "Wed Jun 29 1988 00:04:26 GMT+0200 (Central European Summer Time)",
    "incoming": true,
    "missed": false,
    "img": "https://i.pravatar.cc/150?u=odessaduke@marketoid.com",
    "video": true
  },
  {
    "id": "1d2d36f4-5d99-4460-ab27-d9d72498ade0",
    "name": "Schultz",
    "date": "Sat Jul 04 2020 15:05:56 GMT+0200 (Central European Summer Time)",
    "incoming": true,
    "missed": false,
    "img": "https://i.pravatar.cc/150?u=schultzduke@marketoid.com",
    "video": true
  },
  {
    "id": "d7fc5d37-af90-4516-a842-8a8285742c00",
    "name": "Mclean",
    "date": "Sun Dec 02 2018 17:16:44 GMT+0100 (Central European Standard Time)",
    "incoming": true,
    "missed": true,
    "img": "https://i.pravatar.cc/150?u=mcleanduke@marketoid.com",
    "video": false
  },
  {
    "id": "b6d176cb-5b30-456e-ba55-defcb2e8d141",
    "name": "Marcie",
    "date": "Wed Jun 07 1995 10:37:26 GMT+0200 (Central European Summer Time)",
    "incoming": false,
    "missed": true,
    "img": "https://i.pravatar.cc/150?u=marcieduke@marketoid.com",
    "video": true
  },
  {
    "id": "ff247138-a7e5-4c04-9d2f-35eb2fd71603",
    "name": "Ewing",
    "date": "Wed Apr 27 1983 14:30:44 GMT+0200 (Central European Summer Time)",
    "incoming": true,
    "missed": true,
    "img": "https://i.pravatar.cc/150?u=ewingduke@marketoid.com",
    "video": false
  },
  {
    "id": "b3654d0c-8ce0-4500-8c82-65772697747e",
    "name": "Maynard",
    "date": "Sun Apr 27 1980 04:22:49 GMT+0200 (Central European Summer Time)",
    "incoming": true,
    "missed": false,
    "img": "https://i.pravatar.cc/150?u=maynardduke@marketoid.com",
    "video": true
  },
  {
    "id": "909e7638-0c11-4e5c-984d-ec88d8ad9b5a",
    "name": "Claudine",
    "date": "Sun Feb 07 2010 19:06:18 GMT+0100 (Central European Standard Time)",
    "incoming": false,
    "missed": true,
    "img": "https://i.pravatar.cc/150?u=claudineduke@marketoid.com",
    "video": true
  },
  {
    "id": "df48d8bf-6d75-4088-9226-f74770cc2c9c",
    "name": "Sandra",
    "date": "Mon Feb 19 1973 20:05:15 GMT+0100 (Central European Standard Time)",
    "incoming": true,
    "missed": false,
    "img": "https://i.pravatar.cc/150?u=sandraduke@marketoid.com",
    "video": false
  },
  {
    "id": "b78a53ea-d9c9-4708-8a71-42f967a6e874",
    "name": "Barry",
    "date": "Wed Dec 14 2011 08:18:04 GMT+0100 (Central European Standard Time)",
    "incoming": true,
    "missed": false,
    "img": "https://i.pravatar.cc/150?u=barryduke@marketoid.com",
    "video": true
  },
  {
    "id": "fc370ccb-c096-455a-8a52-de2c02ac1706",
    "name": "Maria",
    "date": "Sat Dec 13 1975 04:15:18 GMT+0100 (Central European Standard Time)",
    "incoming": true,
    "missed": false,
    "img": "https://i.pravatar.cc/150?u=mariaduke@marketoid.com",
    "video": false
  },
  {
    "id": "cea6b2c4-47a9-4617-b499-2ff61de0cc2e",
    "name": "Nichols",
    "date": "Fri Apr 08 1977 20:21:55 GMT+0100 (Central European Standard Time)",
    "incoming": true,
    "missed": true,
    "img": "https://i.pravatar.cc/150?u=nicholsduke@marketoid.com",
    "video": false
  },
  {
    "id": "770e8eba-f6df-4a1b-86f0-1d28121dcdbe",
    "name": "Fitzgerald",
    "date": "Fri Apr 25 1997 10:36:16 GMT+0200 (Central European Summer Time)",
    "incoming": false,
    "missed": false,
    "img": "https://i.pravatar.cc/150?u=fitzgeraldduke@marketoid.com",
    "video": true
  },
  {
    "id": "3ea98283-5991-4491-ad0e-a2652c791e45",
    "name": "Nettie",
    "date": "Sat Sep 22 1984 21:44:43 GMT+0200 (Central European Summer Time)",
    "incoming": false,
    "missed": false,
    "img": "https://i.pravatar.cc/150?u=nettieduke@marketoid.com",
    "video": true
  },
  {
    "id": "eef03d7f-1722-418c-8c13-e0853095fb70",
    "name": "Lacy",
    "date": "Mon Oct 03 1988 07:32:03 GMT+0100 (Central European Standard Time)",
    "incoming": false,
    "missed": true,
    "img": "https://i.pravatar.cc/150?u=lacyduke@marketoid.com",
    "video": true
  },
  {
    "id": "861b9477-f908-4b8b-89f5-89f9af321a62",
    "name": "Cole",
    "date": "Fri Apr 22 1988 12:11:20 GMT+0200 (Central European Summer Time)",
    "incoming": true,
    "missed": true,
    "img": "https://i.pravatar.cc/150?u=coleduke@marketoid.com",
    "video": true
  },
  {
    "id": "9a44bab9-0fad-4b0d-bbbc-8b103da95404",
    "name": "Petra",
    "date": "Fri Dec 06 1996 10:31:52 GMT+0100 (Central European Standard Time)",
    "incoming": true,
    "missed": false,
    "img": "https://i.pravatar.cc/150?u=petraduke@marketoid.com",
    "video": true
  },
  {
    "id": "45ee212d-eb84-4437-8cc3-c0633a3b4aa7",
    "name": "Margret",
    "date": "Thu Apr 20 2000 01:19:47 GMT+0200 (Central European Summer Time)",
    "incoming": false,
    "missed": false,
    "img": "https://i.pravatar.cc/150?u=margretduke@marketoid.com",
    "video": true
  },
  {
    "id": "7b7c9ac6-d6a3-47a7-99f6-2f9307f7be62",
    "name": "Julianne",
    "date": "Mon Feb 21 1983 23:36:34 GMT+0100 (Central European Standard Time)",
    "incoming": false,
    "missed": true,
    "img": "https://i.pravatar.cc/150?u=julianneduke@marketoid.com",
    "video": true
  },
  {
    "id": "1156348f-9300-449c-bdce-8219a2fa642f",
    "name": "Jasmine",
    "date": "Thu Jun 11 2015 21:55:10 GMT+0200 (Central European Summer Time)",
    "incoming": true,
    "missed": false,
    "img": "https://i.pravatar.cc/150?u=jasmineduke@marketoid.com",
    "video": false
  },
  {
    "id": "7d1e2f77-114d-4be6-9fdb-a3e182c032b5",
    "name": "Jolene",
    "date": "Thu May 20 2021 22:01:01 GMT+0200 (Central European Summer Time)",
    "incoming": false,
    "missed": false,
    "img": "https://i.pravatar.cc/150?u=joleneduke@marketoid.com",
    "video": false
  },
  {
    "id": "e017391a-4028-464c-b9aa-35cd8ac28a6a",
    "name": "Charmaine",
    "date": "Tue Jul 14 1970 12:12:51 GMT+0100 (Central European Standard Time)",
    "incoming": true,
    "missed": false,
    "img": "https://i.pravatar.cc/150?u=charmaineduke@marketoid.com",
    "video": true
  },
  {
    "id": "5897b2d4-2eed-4129-82cd-be80bacc81c8",
    "name": "Penny",
    "date": "Wed Mar 25 2015 01:13:25 GMT+0100 (Central European Standard Time)",
    "incoming": true,
    "missed": true,
    "img": "https://i.pravatar.cc/150?u=pennyduke@marketoid.com",
    "video": true
  },
  {
    "id": "7e2329bc-3893-4b19-8e8e-a052cf92f6b4",
    "name": "Marjorie",
    "date": "Sun Jun 05 1994 11:50:20 GMT+0200 (Central European Summer Time)",
    "incoming": true,
    "missed": false,
    "img": "https://i.pravatar.cc/150?u=marjorieduke@marketoid.com",
    "video": true
  },
  {
    "id": "a3eedff8-f9cf-4505-9990-b9df212473b5",
    "name": "Rosalind",
    "date": "Fri Aug 23 1996 18:29:57 GMT+0200 (Central European Summer Time)",
    "incoming": true,
    "missed": false,
    "img": "https://i.pravatar.cc/150?u=rosalindduke@marketoid.com",
    "video": false
  },
  {
    "id": "91bb35ba-a3c7-4bad-86ca-47f8d9468de6",
    "name": "Tisha",
    "date": "Sun Nov 21 1971 04:03:58 GMT+0100 (Central European Standard Time)",
    "incoming": false,
    "missed": false,
    "img": "https://i.pravatar.cc/150?u=tishaduke@marketoid.com",
    "video": true
  },
  {
    "id": "93d69e87-3176-4174-be8d-960192700379",
    "name": "Dorothea",
    "date": "Thu Jan 22 2009 07:36:57 GMT+0100 (Central European Standard Time)",
    "incoming": false,
    "missed": false,
    "img": "https://i.pravatar.cc/150?u=dorotheaduke@marketoid.com",
    "video": false
  },
  {
    "id": "171b4e2b-bbba-4a6c-92b9-fed3e31abf5f",
    "name": "Hudson",
    "date": "Wed Jan 20 1982 17:22:39 GMT+0100 (Central European Standard Time)",
    "incoming": false,
    "missed": true,
    "img": "https://i.pravatar.cc/150?u=hudsonduke@marketoid.com",
    "video": true
  },
  {
    "id": "672f0d02-eea7-4772-9751-3a9757429cef",
    "name": "Woodward",
    "date": "Mon Dec 07 1970 19:12:11 GMT+0100 (Central European Standard Time)",
    "incoming": false,
    "missed": true,
    "img": "https://i.pravatar.cc/150?u=woodwardduke@marketoid.com",
    "video": false
  },
  {
    "id": "348a9ba2-a9ac-4506-8bb1-6304b5d0bfa4",
    "name": "Hollie",
    "date": "Sun Jul 31 2011 05:42:22 GMT+0200 (Central European Summer Time)",
    "incoming": false,
    "missed": false,
    "img": "https://i.pravatar.cc/150?u=hollieduke@marketoid.com",
    "video": false
  },
  {
    "id": "20b8bbdd-53fe-4e9d-b591-1df534e7f516",
    "name": "Foreman",
    "date": "Thu Feb 06 2003 09:59:08 GMT+0100 (Central European Standard Time)",
    "incoming": false,
    "missed": true,
    "img": "https://i.pravatar.cc/150?u=foremanduke@marketoid.com",
    "video": true
  },
  {
    "id": "1651cdd6-e730-4be2-840e-e5fd1428728a",
    "name": "Harrington",
    "date": "Thu Nov 25 2010 11:50:11 GMT+0100 (Central European Standard Time)",
    "incoming": true,
    "missed": false,
    "img": "https://i.pravatar.cc/150?u=harringtonduke@marketoid.com",
    "video": false
  },
  {
    "id": "56400825-5c37-45f5-860e-dc70cc3c7341",
    "name": "Short",
    "date": "Wed Dec 17 2008 05:52:44 GMT+0100 (Central European Standard Time)",
    "incoming": false,
    "missed": false,
    "img": "https://i.pravatar.cc/150?u=shortduke@marketoid.com",
    "video": true
  },
  {
    "id": "2e94eb58-d012-4d01-939d-7bda682160fa",
    "name": "Jessica",
    "date": "Mon Oct 27 2014 12:19:01 GMT+0100 (Central European Standard Time)",
    "incoming": false,
    "missed": true,
    "img": "https://i.pravatar.cc/150?u=jessicaduke@marketoid.com",
    "video": false
  },
  {
    "id": "4bd8d159-ff00-4a45-8548-6acd07c418f8",
    "name": "Bessie",
    "date": "Wed Mar 14 2012 00:58:05 GMT+0100 (Central European Standard Time)",
    "incoming": true,
    "missed": false,
    "img": "https://i.pravatar.cc/150?u=bessieduke@marketoid.com",
    "video": true
  }
]