[
    {
      "first_name": "Ward",
      "last_name": "Sims",
      "img": "https://i.pravatar.cc/150?u=wardsims@genmy.com",
      "desc": "Deserunt ipsum commodo magna minim nostrud voluptate qui pariatur ad excepteur."
    },
    {
      "first_name": "Saundra",
      "last_name": "Lott",
      "img": "https://i.pravatar.cc/150?u=saundralott@genmy.com",
      "desc": "Aliqua deserunt in laborum veniam enim non culpa duis mollit elit consectetur."
    },
    {
      "first_name": "Annmarie",
      "last_name": "Simpson",
      "img": "https://i.pravatar.cc/150?u=annmariesimpson@genmy.com",
      "desc": "Dolore incididunt nisi id ex cillum officia aliquip dolore."
    },
    {
      "first_name": "Shelby",
      "last_name": "Raymond",
      "img": "https://i.pravatar.cc/150?u=shelbyraymond@genmy.com",
      "desc": "Nisi labore culpa eu ex mollit minim veniam sint."
    },
    {
      "first_name": "Warren",
      "last_name": "Mendez",
      "img": "https://i.pravatar.cc/150?u=warrenmendez@genmy.com",
      "desc": "Nulla enim dolor consequat ut pariatur enim pariatur excepteur."
    },
    {
      "first_name": "Hampton",
      "last_name": "Buckley",
      "img": "https://i.pravatar.cc/150?u=hamptonbuckley@genmy.com",
      "desc": "Incididunt ullamco ut do ea minim."
    },
    {
      "first_name": "Connie",
      "last_name": "Vinson",
      "img": "https://i.pravatar.cc/150?u=connievinson@genmy.com",
      "desc": "Mollit adipisicing laboris ea aliquip in dolor officia dolor excepteur."
    },
    {
      "first_name": "Key",
      "last_name": "Fletcher",
      "img": "https://i.pravatar.cc/150?u=keyfletcher@genmy.com",
      "desc": "Irure consequat laborum aliquip enim ex ullamco et voluptate anim."
    },
    {
      "first_name": "Wendy",
      "last_name": "Woodward",
      "img": "https://i.pravatar.cc/150?u=wendywoodward@genmy.com",
      "desc": "Proident id culpa amet laboris ad sit tempor officia."
    },
    {
      "first_name": "Burt",
      "last_name": "Velazquez",
      "img": "https://i.pravatar.cc/150?u=burtvelazquez@genmy.com",
      "desc": "Non pariatur tempor elit exercitation officia proident amet ut aute proident minim officia."
    },
    {
      "first_name": "Marjorie",
      "last_name": "Bonner",
      "img": "https://i.pravatar.cc/150?u=marjoriebonner@genmy.com",
      "desc": "Aute exercitation cupidatat elit mollit minim nisi ullamco et consequat sit qui pariatur."
    },
    {
      "first_name": "Harrison",
      "last_name": "Bass",
      "img": "https://i.pravatar.cc/150?u=harrisonbass@genmy.com",
      "desc": "Cillum mollit adipisicing eu sit."
    },
    {
      "first_name": "Darcy",
      "last_name": "Copeland",
      "img": "https://i.pravatar.cc/150?u=darcycopeland@genmy.com",
      "desc": "Minim pariatur labore exercitation culpa qui culpa est voluptate ad."
    },
    {
      "first_name": "Justine",
      "last_name": "Malone",
      "img": "https://i.pravatar.cc/150?u=justinemalone@genmy.com",
      "desc": "Consequat occaecat non adipisicing dolore aliquip voluptate incididunt incididunt irure aliquip tempor officia occaecat proident."
    },
    {
      "first_name": "Dorsey",
      "last_name": "Slater",
      "img": "https://i.pravatar.cc/150?u=dorseyslater@genmy.com",
      "desc": "Exercitation culpa laborum occaecat anim."
    },
    {
      "first_name": "Marla",
      "last_name": "Mcintosh",
      "img": "https://i.pravatar.cc/150?u=marlamcintosh@genmy.com",
      "desc": "Minim minim laboris aute sint deserunt aliqua aliqua consequat pariatur sint consequat et aute."
    },
    {
      "first_name": "Sheila",
      "last_name": "Bryan",
      "img": "https://i.pravatar.cc/150?u=sheilabryan@genmy.com",
      "desc": "Non culpa cupidatat occaecat irure sit."
    },
    {
      "first_name": "Atkins",
      "last_name": "Emerson",
      "img": "https://i.pravatar.cc/150?u=atkinsemerson@genmy.com",
      "desc": "Sint exercitation consequat sit dolor pariatur reprehenderit sunt do mollit aute ex cillum."
    },
    {
      "first_name": "Hardy",
      "last_name": "Gillespie",
      "img": "https://i.pravatar.cc/150?u=hardygillespie@genmy.com",
      "desc": "Sunt commodo sint ullamco anim pariatur cupidatat voluptate dolore consequat in fugiat officia ad quis."
    },
    {
      "first_name": "Yesenia",
      "last_name": "Hyde",
      "img": "https://i.pravatar.cc/150?u=yeseniahyde@genmy.com",
      "desc": "Quis magna amet laboris incididunt aute sit minim aute voluptate aute."
    },
    {
      "first_name": "Chris",
      "last_name": "Armstrong",
      "img": "https://i.pravatar.cc/150?u=chrisarmstrong@genmy.com",
      "desc": "Occaecat dolor sunt officia nisi reprehenderit veniam consectetur duis sunt minim adipisicing."
    },
    {
      "first_name": "Dianne",
      "last_name": "Bean",
      "img": "https://i.pravatar.cc/150?u=diannebean@genmy.com",
      "desc": "Pariatur consequat in eu exercitation qui voluptate ex exercitation dolore."
    },
    {
      "first_name": "Spears",
      "last_name": "Rollins",
      "img": "https://i.pravatar.cc/150?u=spearsrollins@genmy.com",
      "desc": "Sint consectetur cupidatat officia est irure ut velit aliquip aute excepteur."
    },
    {
      "first_name": "Ingram",
      "last_name": "Hurst",
      "img": "https://i.pravatar.cc/150?u=ingramhurst@genmy.com",
      "desc": "Veniam ullamco cupidatat incididunt anim sint magna esse dolor ut tempor nulla duis."
    },
    {
      "first_name": "Elaine",
      "last_name": "Cooke",
      "img": "https://i.pravatar.cc/150?u=elainecooke@genmy.com",
      "desc": "Anim nisi laborum deserunt magna irure."
    },
    {
      "first_name": "Gabriela",
      "last_name": "Blanchard",
      "img": "https://i.pravatar.cc/150?u=gabrielablanchard@genmy.com",
      "desc": "Exercitation eiusmod quis eu voluptate enim eu consectetur ea nulla cupidatat et cupidatat eu."
    },
    {
      "first_name": "Hawkins",
      "last_name": "Oliver",
      "img": "https://i.pravatar.cc/150?u=hawkinsoliver@genmy.com",
      "desc": "Qui mollit tempor tempor nulla voluptate nisi amet dolore aliqua excepteur."
    },
    {
      "first_name": "Black",
      "last_name": "Hooper",
      "img": "https://i.pravatar.cc/150?u=blackhooper@genmy.com",
      "desc": "Aliquip culpa consectetur deserunt Lorem reprehenderit duis Lorem consectetur sit esse."
    },
    {
      "first_name": "Bailey",
      "last_name": "Doyle",
      "img": "https://i.pravatar.cc/150?u=baileydoyle@genmy.com",
      "desc": "Veniam anim Lorem incididunt aute aliquip non."
    },
    {
      "first_name": "Esmeralda",
      "last_name": "Anderson",
      "img": "https://i.pravatar.cc/150?u=esmeraldaanderson@genmy.com",
      "desc": "Minim excepteur dolore nostrud et elit eiusmod occaecat duis amet occaecat Lorem."
    },
    {
      "first_name": "Mcdonald",
      "last_name": "Irwin",
      "img": "https://i.pravatar.cc/150?u=mcdonaldirwin@genmy.com",
      "desc": "Nulla do amet nisi Lorem elit ex."
    },
    {
      "first_name": "Mitchell",
      "last_name": "Hardy",
      "img": "https://i.pravatar.cc/150?u=mitchellhardy@genmy.com",
      "desc": "Culpa ex proident proident adipisicing esse adipisicing irure est deserunt ea occaecat."
    },
    {
      "first_name": "Reyes",
      "last_name": "Cameron",
      "img": "https://i.pravatar.cc/150?u=reyescameron@genmy.com",
      "desc": "Nulla excepteur cillum tempor ad ipsum."
    },
    {
      "first_name": "Houston",
      "last_name": "Mcdowell",
      "img": "https://i.pravatar.cc/150?u=houstonmcdowell@genmy.com",
      "desc": "Culpa culpa sunt elit velit mollit dolore ut nostrud."
    },
    {
      "first_name": "Brandy",
      "last_name": "Bradshaw",
      "img": "https://i.pravatar.cc/150?u=brandybradshaw@genmy.com",
      "desc": "Ad sint laboris labore id culpa nostrud est enim sit Lorem commodo minim minim anim."
    },
    {
      "first_name": "Jewel",
      "last_name": "Green",
      "img": "https://i.pravatar.cc/150?u=jewelgreen@genmy.com",
      "desc": "Irure adipisicing elit irure nisi."
    },
    {
      "first_name": "Spencer",
      "last_name": "Solis",
      "img": "https://i.pravatar.cc/150?u=spencersolis@genmy.com",
      "desc": "Amet anim ex dolore sit dolore."
    },
    {
      "first_name": "Cherry",
      "last_name": "Wilcox",
      "img": "https://i.pravatar.cc/150?u=cherrywilcox@genmy.com",
      "desc": "Qui ipsum sit laboris nisi deserunt."
    },
    {
      "first_name": "French",
      "last_name": "Velasquez",
      "img": "https://i.pravatar.cc/150?u=frenchvelasquez@genmy.com",
      "desc": "Commodo Lorem laboris esse id magna tempor aliqua qui excepteur duis."
    },
    {
      "first_name": "Kasey",
      "last_name": "Rojas",
      "img": "https://i.pravatar.cc/150?u=kaseyrojas@genmy.com",
      "desc": "Veniam ad magna commodo aute dolore aliqua officia nulla consequat excepteur est qui."
    },
    {
      "first_name": "Little",
      "last_name": "Vargas",
      "img": "https://i.pravatar.cc/150?u=littlevargas@genmy.com",
      "desc": "Nulla ex exercitation occaecat anim reprehenderit veniam."
    },
    {
      "first_name": "Kayla",
      "last_name": "Mcpherson",
      "img": "https://i.pravatar.cc/150?u=kaylamcpherson@genmy.com",
      "desc": "Ut quis incididunt Lorem qui laboris labore cupidatat laboris sint minim dolor deserunt nostrud id."
    },
    {
      "first_name": "Herminia",
      "last_name": "Rosales",
      "img": "https://i.pravatar.cc/150?u=herminiarosales@genmy.com",
      "desc": "Aliquip ex Lorem laborum consequat laboris proident ex est."
    },
    {
      "first_name": "Hunt",
      "last_name": "Potter",
      "img": "https://i.pravatar.cc/150?u=huntpotter@genmy.com",
      "desc": "Enim ut ullamco ipsum elit laboris aliqua velit nostrud dolor ex dolor."
    },
    {
      "first_name": "Ronda",
      "last_name": "Powell",
      "img": "https://i.pravatar.cc/150?u=rondapowell@genmy.com",
      "desc": "Adipisicing qui exercitation sint adipisicing elit consectetur."
    },
    {
      "first_name": "Nguyen",
      "last_name": "Garrett",
      "img": "https://i.pravatar.cc/150?u=nguyengarrett@genmy.com",
      "desc": "Magna non consequat qui ea aute ex eu Lorem ullamco proident Lorem consectetur dolor."
    },
    {
      "first_name": "Hayden",
      "last_name": "Dudley",
      "img": "https://i.pravatar.cc/150?u=haydendudley@genmy.com",
      "desc": "Anim et ad nostrud occaecat irure laborum non cupidatat amet aliquip amet."
    },
    {
      "first_name": "Beverley",
      "last_name": "Washington",
      "img": "https://i.pravatar.cc/150?u=beverleywashington@genmy.com",
      "desc": "Cillum id et qui consequat consequat do anim fugiat enim."
    },
    {
      "first_name": "Delia",
      "last_name": "Davidson",
      "img": "https://i.pravatar.cc/150?u=deliadavidson@genmy.com",
      "desc": "Fugiat dolore ut consequat reprehenderit qui."
    },
    {
      "first_name": "Frieda",
      "last_name": "Edwards",
      "img": "https://i.pravatar.cc/150?u=friedaedwards@genmy.com",
      "desc": "Minim deserunt mollit excepteur ullamco ex qui fugiat do tempor fugiat est dolore."
    },
    {
      "first_name": "Nina",
      "last_name": "Bryant",
      "img": "https://i.pravatar.cc/150?u=ninabryant@genmy.com",
      "desc": "Aute esse excepteur veniam ut tempor cillum irure."
    },
    {
      "first_name": "Vang",
      "last_name": "Henry",
      "img": "https://i.pravatar.cc/150?u=vanghenry@genmy.com",
      "desc": "Pariatur eiusmod dolor consequat irure aliquip incididunt consectetur et adipisicing excepteur ut do."
    },
    {
      "first_name": "Armstrong",
      "last_name": "Carver",
      "img": "https://i.pravatar.cc/150?u=armstrongcarver@genmy.com",
      "desc": "Ut occaecat nostrud tempor ut exercitation."
    },
    {
      "first_name": "Sondra",
      "last_name": "Hewitt",
      "img": "https://i.pravatar.cc/150?u=sondrahewitt@genmy.com",
      "desc": "Esse minim eu aute aliquip cillum id excepteur."
    },
    {
      "first_name": "Vickie",
      "last_name": "Lawson",
      "img": "https://i.pravatar.cc/150?u=vickielawson@genmy.com",
      "desc": "Proident consequat irure voluptate cillum velit id reprehenderit qui."
    },
    {
      "first_name": "Blackburn",
      "last_name": "Reese",
      "img": "https://i.pravatar.cc/150?u=blackburnreese@genmy.com",
      "desc": "Est incididunt qui amet voluptate velit in laborum non ea eiusmod."
    },
    {
      "first_name": "Carr",
      "last_name": "Trevino",
      "img": "https://i.pravatar.cc/150?u=carrtrevino@genmy.com",
      "desc": "Eiusmod deserunt nulla nostrud eiusmod eu."
    },
    {
      "first_name": "Duncan",
      "last_name": "Livingston",
      "img": "https://i.pravatar.cc/150?u=duncanlivingston@genmy.com",
      "desc": "Pariatur excepteur elit nostrud ad mollit."
    },
    {
      "first_name": "Cameron",
      "last_name": "Kennedy",
      "img": "https://i.pravatar.cc/150?u=cameronkennedy@genmy.com",
      "desc": "Aliquip aliquip dolor occaecat minim proident."
    },
    {
      "first_name": "Latoya",
      "last_name": "Burns",
      "img": "https://i.pravatar.cc/150?u=latoyaburns@genmy.com",
      "desc": "Magna tempor excepteur aliquip anim nostrud ea in est laborum voluptate eu laborum."
    },
    {
      "first_name": "Dawson",
      "last_name": "Espinoza",
      "img": "https://i.pravatar.cc/150?u=dawsonespinoza@genmy.com",
      "desc": "Ut cillum voluptate irure cillum est."
    },
    {
      "first_name": "Stafford",
      "last_name": "Bartlett",
      "img": "https://i.pravatar.cc/150?u=staffordbartlett@genmy.com",
      "desc": "Lorem culpa eu minim consectetur occaecat consequat nostrud reprehenderit ipsum dolor labore tempor."
    },
    {
      "first_name": "Jaime",
      "last_name": "Benson",
      "img": "https://i.pravatar.cc/150?u=jaimebenson@genmy.com",
      "desc": "Duis velit sunt ut excepteur incididunt Lorem dolor ea culpa aute elit in eu minim."
    },
    {
      "first_name": "Craig",
      "last_name": "Alston",
      "img": "https://i.pravatar.cc/150?u=craigalston@genmy.com",
      "desc": "Nulla cillum incididunt anim ea sunt ullamco proident."
    },
    {
      "first_name": "Rhodes",
      "last_name": "Forbes",
      "img": "https://i.pravatar.cc/150?u=rhodesforbes@genmy.com",
      "desc": "Sint duis occaecat do eu qui dolore exercitation amet ullamco tempor."
    },
    {
      "first_name": "Kirk",
      "last_name": "Dennis",
      "img": "https://i.pravatar.cc/150?u=kirkdennis@genmy.com",
      "desc": "Ullamco culpa cillum ea commodo non proident labore reprehenderit."
    },
    {
      "first_name": "Robbins",
      "last_name": "Ratliff",
      "img": "https://i.pravatar.cc/150?u=robbinsratliff@genmy.com",
      "desc": "Aliquip eu cillum irure voluptate eiusmod magna labore aliquip dolor enim."
    },
    {
      "first_name": "Catherine",
      "last_name": "Morse",
      "img": "https://i.pravatar.cc/150?u=catherinemorse@genmy.com",
      "desc": "Sit est non in cupidatat Lorem est elit."
    },
    {
      "first_name": "Patrick",
      "last_name": "Sullivan",
      "img": "https://i.pravatar.cc/150?u=patricksullivan@genmy.com",
      "desc": "Laborum esse dolor proident sint excepteur officia sit excepteur nisi est culpa nulla esse."
    },
    {
      "first_name": "Nita",
      "last_name": "Weaver",
      "img": "https://i.pravatar.cc/150?u=nitaweaver@genmy.com",
      "desc": "Occaecat laboris eiusmod ullamco commodo sunt eiusmod officia laboris non minim."
    },
    {
      "first_name": "Colleen",
      "last_name": "Powers",
      "img": "https://i.pravatar.cc/150?u=colleenpowers@genmy.com",
      "desc": "Consectetur officia pariatur sunt cillum occaecat officia fugiat nisi duis exercitation do."
    },
    {
      "first_name": "Flynn",
      "last_name": "Valencia",
      "img": "https://i.pravatar.cc/150?u=flynnvalencia@genmy.com",
      "desc": "Et voluptate mollit dolore reprehenderit deserunt duis et occaecat sint laboris labore incididunt."
    },
    {
      "first_name": "Mccarthy",
      "last_name": "Carney",
      "img": "https://i.pravatar.cc/150?u=mccarthycarney@genmy.com",
      "desc": "Ut et non ad incididunt irure cillum cillum officia deserunt pariatur quis laboris laborum nulla."
    },
    {
      "first_name": "Woodward",
      "last_name": "Everett",
      "img": "https://i.pravatar.cc/150?u=woodwardeverett@genmy.com",
      "desc": "Enim pariatur do occaecat excepteur sit excepteur."
    },
    {
      "first_name": "Blanchard",
      "last_name": "Griffith",
      "img": "https://i.pravatar.cc/150?u=blanchardgriffith@genmy.com",
      "desc": "Ut quis mollit ut pariatur ea sunt amet ullamco commodo non esse."
    },
    {
      "first_name": "Porter",
      "last_name": "Higgins",
      "img": "https://i.pravatar.cc/150?u=porterhiggins@genmy.com",
      "desc": "Fugiat labore esse cupidatat et magna est dolore magna elit qui ea deserunt cillum ea."
    },
    {
      "first_name": "Richards",
      "last_name": "Hampton",
      "img": "https://i.pravatar.cc/150?u=richardshampton@genmy.com",
      "desc": "Consequat labore sit dolore sunt esse consequat ut aliqua consectetur duis ut pariatur."
    },
    {
      "first_name": "Tami",
      "last_name": "Mcdonald",
      "img": "https://i.pravatar.cc/150?u=tamimcdonald@genmy.com",
      "desc": "Labore elit est sunt aliqua nostrud voluptate nulla dolor reprehenderit deserunt ut proident elit."
    }
  ]